Workbook

Sheet 요약
A1: Curi 자연어 검색 테스트 세트 요약
A2: 노란 칸(검색 문장 시트 H·I·J열)에 결과를 입력하면 아래 표가 자동으로 계산됩니다.
A4: 학년군 | B4: 과목 | C4: 문장 수 | D4: 결과 입력 수 | E4: 평균 적합 수 (0–5) | F4: 1순위 적합률
A5: 초3-4 | B5: 사회 | C5: =COUNTIFS('검색 문장'!$B$2:$B$201,A5,'검색 문장'!$C$2:$C$201,B5) -> 30 | D5: =COUNTIFS('검색 문장'!$B$2:$B$201,A5,'검색 문장'!$C$2:$C$201,B5,'검색 문장'!$H$2:$H$201,"<>") -> 0 | E5: =IFERROR(AVERAGEIFS('검색 문장'!$H$2:$H$201,'검색 문장'!$B$2:$B$201,A5,'검색 문장'!$C$2:$C$201,B5),"-") -> - | F5: =IFERROR(COUNTIFS('검색 문장'!$B$2:$B$201,A5,'검색 문장'!$C$2:$C$201,B5,'검색 문장'!$I$2:$I$201,"Y")/COUNTIFS('검색 문장'!$B$2:$B$201,A5,'검색 문장'!$C$2:$C$201,B5,'검색 문장'!$I$2:$I$201,"?*"),"-") -> -
A6: 초5-6 | B6: 사회 | C6: =COUNTIFS('검색 문장'!$B$2:$B$201,A6,'검색 문장'!$C$2:$C$201,B6) -> 45 | D6: =COUNTIFS('검색 문장'!$B$2:$B$201,A6,'검색 문장'!$C$2:$C$201,B6,'검색 문장'!$H$2:$H$201,"<>") -> 0 | E6: =IFERROR(AVERAGEIFS('검색 문장'!$H$2:$H$201,'검색 문장'!$B$2:$B$201,A6,'검색 문장'!$C$2:$C$201,B6),"-") -> - | F6: =IFERROR(COUNTIFS('검색 문장'!$B$2:$B$201,A6,'검색 문장'!$C$2:$C$201,B6,'검색 문장'!$I$2:$I$201,"Y")/COUNTIFS('검색 문장'!$B$2:$B$201,A6,'검색 문장'!$C$2:$C$201,B6,'검색 문장'!$I$2:$I$201,"?*"),"-") -> -
A7: 중1 | B7: 사회 | C7: =COUNTIFS('검색 문장'!$B$2:$B$201,A7,'검색 문장'!$C$2:$C$201,B7) -> 25 | D7: =COUNTIFS('검색 문장'!$B$2:$B$201,A7,'검색 문장'!$C$2:$C$201,B7,'검색 문장'!$H$2:$H$201,"<>") -> 0 | E7: =IFERROR(AVERAGEIFS('검색 문장'!$H$2:$H$201,'검색 문장'!$B$2:$B$201,A7,'검색 문장'!$C$2:$C$201,B7),"-") -> - | F7: =IFERROR(COUNTIFS('검색 문장'!$B$2:$B$201,A7,'검색 문장'!$C$2:$C$201,B7,'검색 문장'!$I$2:$I$201,"Y")/COUNTIFS('검색 문장'!$B$2:$B$201,A7,'검색 문장'!$C$2:$C$201,B7,'검색 문장'!$I$2:$I$201,"?*"),"-") -> -
A8: 초3-4 | B8: 과학 | C8: =COUNTIFS('검색 문장'!$B$2:$B$201,A8,'검색 문장'!$C$2:$C$201,B8) -> 35 | D8: =COUNTIFS('검색 문장'!$B$2:$B$201,A8,'검색 문장'!$C$2:$C$201,B8,'검색 문장'!$H$2:$H$201,"<>") -> 0 | E8: =IFERROR(AVERAGEIFS('검색 문장'!$H$2:$H$201,'검색 문장'!$B$2:$B$201,A8,'검색 문장'!$C$2:$C$201,B8),"-") -> - | F8: =IFERROR(COUNTIFS('검색 문장'!$B$2:$B$201,A8,'검색 문장'!$C$2:$C$201,B8,'검색 문장'!$I$2:$I$201,"Y")/COUNTIFS('검색 문장'!$B$2:$B$201,A8,'검색 문장'!$C$2:$C$201,B8,'검색 문장'!$I$2:$I$201,"?*"),"-") -> -
A9: 초5-6 | B9: 과학 | C9: =COUNTIFS('검색 문장'!$B$2:$B$201,A9,'검색 문장'!$C$2:$C$201,B9) -> 45 | D9: =COUNTIFS('검색 문장'!$B$2:$B$201,A9,'검색 문장'!$C$2:$C$201,B9,'검색 문장'!$H$2:$H$201,"<>") -> 0 | E9: =IFERROR(AVERAGEIFS('검색 문장'!$H$2:$H$201,'검색 문장'!$B$2:$B$201,A9,'검색 문장'!$C$2:$C$201,B9),"-") -> - | F9: =IFERROR(COUNTIFS('검색 문장'!$B$2:$B$201,A9,'검색 문장'!$C$2:$C$201,B9,'검색 문장'!$I$2:$I$201,"Y")/COUNTIFS('검색 문장'!$B$2:$B$201,A9,'검색 문장'!$C$2:$C$201,B9,'검색 문장'!$I$2:$I$201,"?*"),"-") -> -
A10: 중1 | B10: 과학 | C10: =COUNTIFS('검색 문장'!$B$2:$B$201,A10,'검색 문장'!$C$2:$C$201,B10) -> 20 | D10: =COUNTIFS('검색 문장'!$B$2:$B$201,A10,'검색 문장'!$C$2:$C$201,B10,'검색 문장'!$H$2:$H$201,"<>") -> 0 | E10: =IFERROR(AVERAGEIFS('검색 문장'!$H$2:$H$201,'검색 문장'!$B$2:$B$201,A10,'검색 문장'!$C$2:$C$201,B10),"-") -> - | F10: =IFERROR(COUNTIFS('검색 문장'!$B$2:$B$201,A10,'검색 문장'!$C$2:$C$201,B10,'검색 문장'!$I$2:$I$201,"Y")/COUNTIFS('검색 문장'!$B$2:$B$201,A10,'검색 문장'!$C$2:$C$201,B10,'검색 문장'!$I$2:$I$201,"?*"),"-") -> -
A11: 합계 | C11: =SUM(C5:C10) -> 200 | D11: =SUM(D5:D10) -> 0 | E11: =IFERROR(AVERAGE('검색 문장'!$H$2:$H$201),"-") -> - | F11: =IFERROR(COUNTIF('검색 문장'!$I$2:$I$201,"Y")/COUNTIF('검색 문장'!$I$2:$I$201,"?*"),"-") -> -
A13: 질의 유형 | B13: 문장 수 | C13: 결과 입력 수 | D13: 평균 적합 수 (0–5) | E13: 1순위 적합률
A14: 키워드형 | B14: =COUNTIF('검색 문장'!$E$2:$E$201,A14) -> 54 | C14: =COUNTIFS('검색 문장'!$E$2:$E$201,A14,'검색 문장'!$H$2:$H$201,"<>") -> 0 | D14: =IFERROR(AVERAGEIFS('검색 문장'!$H$2:$H$201,'검색 문장'!$E$2:$E$201,A14),"-") -> - | E14: =IFERROR(COUNTIFS('검색 문장'!$E$2:$E$201,A14,'검색 문장'!$I$2:$I$201,"Y")/COUNTIFS('검색 문장'!$E$2:$E$201,A14,'검색 문장'!$I$2:$I$201,"?*"),"-") -> -
A15: 질문형 | B15: =COUNTIF('검색 문장'!$E$2:$E$201,A15) -> 51 | C15: =COUNTIFS('검색 문장'!$E$2:$E$201,A15,'검색 문장'!$H$2:$H$201,"<>") -> 0 | D15: =IFERROR(AVERAGEIFS('검색 문장'!$H$2:$H$201,'검색 문장'!$E$2:$E$201,A15),"-") -> - | E15: =IFERROR(COUNTIFS('검색 문장'!$E$2:$E$201,A15,'검색 문장'!$I$2:$I$201,"Y")/COUNTIFS('검색 문장'!$E$2:$E$201,A15,'검색 문장'!$I$2:$I$201,"?*"),"-") -> -
A16: 수업 활용형 | B16: =COUNTIF('검색 문장'!$E$2:$E$201,A16) -> 16 | C16: =COUNTIFS('검색 문장'!$E$2:$E$201,A16,'검색 문장'!$H$2:$H$201,"<>") -> 0 | D16: =IFERROR(AVERAGEIFS('검색 문장'!$H$2:$H$201,'검색 문장'!$E$2:$E$201,A16),"-") -> - | E16: =IFERROR(COUNTIFS('검색 문장'!$E$2:$E$201,A16,'검색 문장'!$I$2:$I$201,"Y")/COUNTIFS('검색 문장'!$E$2:$E$201,A16,'검색 문장'!$I$2:$I$201,"?*"),"-") -> -
A17: 형식 지정형 | B17: =COUNTIF('검색 문장'!$E$2:$E$201,A17) -> 26 | C17: =COUNTIFS('검색 문장'!$E$2:$E$201,A17,'검색 문장'!$H$2:$H$201,"<>") -> 0 | D17: =IFERROR(AVERAGEIFS('검색 문장'!$H$2:$H$201,'검색 문장'!$E$2:$E$201,A17),"-") -> - | E17: =IFERROR(COUNTIFS('검색 문장'!$E$2:$E$201,A17,'검색 문장'!$I$2:$I$201,"Y")/COUNTIFS('검색 문장'!$E$2:$E$201,A17,'검색 문장'!$I$2:$I$201,"?*"),"-") -> -
A18: 구어체·모호 | B18: =COUNTIF('검색 문장'!$E$2:$E$201,A18) -> 12 | C18: =COUNTIFS('검색 문장'!$E$2:$E$201,A18,'검색 문장'!$H$2:$H$201,"<>") -> 0 | D18: =IFERROR(AVERAGEIFS('검색 문장'!$H$2:$H$201,'검색 문장'!$E$2:$E$201,A18),"-") -> - | E18: =IFERROR(COUNTIFS('검색 문장'!$E$2:$E$201,A18,'검색 문장'!$I$2:$I$201,"Y")/COUNTIFS('검색 문장'!$E$2:$E$201,A18,'검색 문장'!$I$2:$I$201,"?*"),"-") -> -
A19: 오타·띄어쓰기 | B19: =COUNTIF('검색 문장'!$E$2:$E$201,A19) -> 10 | C19: =COUNTIFS('검색 문장'!$E$2:$E$201,A19,'검색 문장'!$H$2:$H$201,"<>") -> 0 | D19: =IFERROR(AVERAGEIFS('검색 문장'!$H$2:$H$201,'검색 문장'!$E$2:$E$201,A19),"-") -> - | E19: =IFERROR(COUNTIFS('검색 문장'!$E$2:$E$201,A19,'검색 문장'!$I$2:$I$201,"Y")/COUNTIFS('검색 문장'!$E$2:$E$201,A19,'검색 문장'!$I$2:$I$201,"?*"),"-") -> -
A20: 복합·융합 조건 | B20: =COUNTIF('검색 문장'!$E$2:$E$201,A20) -> 13 | C20: =COUNTIFS('검색 문장'!$E$2:$E$201,A20,'검색 문장'!$H$2:$H$201,"<>") -> 0 | D20: =IFERROR(AVERAGEIFS('검색 문장'!$H$2:$H$201,'검색 문장'!$E$2:$E$201,A20),"-") -> - | E20: =IFERROR(COUNTIFS('검색 문장'!$E$2:$E$201,A20,'검색 문장'!$I$2:$I$201,"Y")/COUNTIFS('검색 문장'!$E$2:$E$201,A20,'검색 문장'!$I$2:$I$201,"?*"),"-") -> -
A21: 제외 조건 | B21: =COUNTIF('검색 문장'!$E$2:$E$201,A21) -> 7 | C21: =COUNTIFS('검색 문장'!$E$2:$E$201,A21,'검색 문장'!$H$2:$H$201,"<>") -> 0 | D21: =IFERROR(AVERAGEIFS('검색 문장'!$H$2:$H$201,'검색 문장'!$E$2:$E$201,A21),"-") -> - | E21: =IFERROR(COUNTIFS('검색 문장'!$E$2:$E$201,A21,'검색 문장'!$I$2:$I$201,"Y")/COUNTIFS('검색 문장'!$E$2:$E$201,A21,'검색 문장'!$I$2:$I$201,"?*"),"-") -> -
A22: 프로그램명 포함 | B22: =COUNTIF('검색 문장'!$E$2:$E$201,A22) -> 11 | C22: =COUNTIFS('검색 문장'!$E$2:$E$201,A22,'검색 문장'!$H$2:$H$201,"<>") -> 0 | D22: =IFERROR(AVERAGEIFS('검색 문장'!$H$2:$H$201,'검색 문장'!$E$2:$E$201,A22),"-") -> - | E22: =IFERROR(COUNTIFS('검색 문장'!$E$2:$E$201,A22,'검색 문장'!$I$2:$I$201,"Y")/COUNTIFS('검색 문장'!$E$2:$E$201,A22,'검색 문장'!$I$2:$I$201,"?*"),"-") -> -

Sheet 검색 문장
A1: ID | B1: 학년군 | C1: 과목 | D1: 단원·주제 | E1: 질의 유형 | F1: 검색 문장 | G1: 기대 자료 유형(참고) | H1: 상위 5개 중 적합 수 (0–5) | I1: 1순위 적합 (Y/N) | J1: 메모
A2: Q001 | B2: 초3-4 | C2: 사회 | D2: 우리 고장 | E2: 키워드형 | F2: 우리 고장의 모습 | G2: 무관
A3: Q002 | B3: 초3-4 | C3: 사회 | D3: 지도 읽기 | E3: 질문형 | F3: 지도에서 방위표는 어떻게 읽나요? | G3: 클립
A4: Q003 | B4: 초3-4 | C4: 사회 | D4: 지도 읽기 | E4: 수업 활용형 | F4: 초3 지도 읽기 수업 도입에 쓸 3분짜리 영상 | G4: 클립
A5: Q004 | B5: 초3-4 | C5: 사회 | D5: 고장의 문화유산 | E5: 형식 지정형 | F5: 고장의 문화유산을 소개하는 애니메이션 | G5: 클립
A6: Q005 | B6: 초3-4 | C6: 사회 | D6: 옛날과 오늘날의 생활 | E6: 질문형 | F6: 옛날 사람들은 어떻게 빨래를 했을까 | G6: 방송 회차
A7: Q006 | B7: 초3-4 | C7: 사회 | D7: 교통 변화 | E7: 키워드형 | F7: 옛날 교통수단과 오늘날 교통수단 비교 | G7: 클립
A8: Q007 | B8: 초3-4 | C8: 사회 | D8: 통신 변화 | E8: 구어체·모호 | F8: 애들한테 옛날 통신수단 보여줄 만한 거 없나요 | G8: 클립
A9: Q008 | B9: 초3-4 | C9: 사회 | D9: 세시 풍속 | E9: 키워드형 | F9: 설날 추석 세시 풍속 | G9: 클립
A10: Q009 | B10: 초3-4 | C10: 사회 | D10: 가족의 변화 | E10: 질문형 | F10: 가족의 모습은 시대에 따라 어떻게 달라졌을까 | G10: 클립
A11: Q010 | B11: 초3-4 | C11: 사회 | D11: 촌락의 생활 | E11: 키워드형 | F11: 농촌 어촌 산지촌 생활 모습 | G11: 무관
A12: Q011 | B12: 초3-4 | C12: 사회 | D12: 도시 문제 | E12: 수업 활용형 | F12: 4학년 촌락과 도시 단원에서 도시 문제를 보여줄 다큐 | G12: 방송 회차
A13: Q012 | B13: 초3-4 | C13: 사회 | D13: 촌락과 도시의 교류 | E13: 질문형 | F13: 도시와 촌락은 서로 어떤 도움을 주고받나요 | G13: 클립
... A201: Q200 | B201: 중1 | C201: 과학 | D201: 판 구조 | E201: 복합·융합 조건 | F201: 판의 이동으로 지진대 화산대 분포를 지도와 함께 | G201: 클립

Sheet 질의 유형 설명
A1: 질의 유형 | B1: 설명 | C1: 확인할 점 | D1: 예시
A2: 키워드형 | B2: 주제어만 나열한 짧은 검색어 | C2: 핵심 개념이 제목·설명에 들어간 자료를 상위에 올리는가 | D2: 생산과 소비의 뜻
A3: 질문형 | B3: 학생이나 교사가 묻는 형태의 문장 | C3: 질문의 답이 되는 내용(원리·이유)을 담은 자료를 찾는가 | D3: 그림자는 왜 생길까
A4: 수업 활용형 | B4: 학년·단원·차시·길이 등 수업 맥락을 포함 | C4: 학년 수준과 길이 조건(예: 5분 이내)을 반영하는가 | D4: 초3 지도 읽기 수업 도입에 쓸 3분짜리 영상
A5: 형식 지정형 | B5: 애니메이션·실험·다큐·인터뷰 등 형식을 지정 | C5: 요청한 형식의 자료를 우선하는가 | D5: 물의 순환 애니메이션
A6: 구어체·모호 | B6: 말하듯 쓴 모호한 요청 | C6: 의도(대상 학년, 흥미)를 해석해 적절한 자료를 찾는가 | D6: 애들이 좋아할 만한 동물 위장 영상
A7: 오타·띄어쓰기 | B7: 오타나 띄어쓰기 없는 입력 | C7: 오타를 교정하거나 붙여 쓴 말을 분리해 찾는가 | D7: 광합썽 실험 영상
A8: 복합·융합 조건 | B8: 두 개 이상의 개념이나 사회·과학 융합 조건 | C8: 조건을 모두 만족하는 자료를 상위에 두는가 | D8: 지진 대처 방법과 지진이 생기는 원리를 같이
A9: 제외 조건 | B9: "강의 말고", "다큐 전체 말고" 같은 제외 표현 | C9: 제외한 유형이 결과에서 빠지거나 뒤로 가는가 | D9: 강의 말고 다큐로 된 독도 영상
A10: 프로그램명 포함 | B10: EBS 프로그램명을 함께 입력 | C10: 해당 프로그램의 자료를 우선하는가 | D10: 지식채널e 인권 관련 편
A12: 입력 방법
A13: 상위 5개 중 적합 수 | B13: 검색 결과 상위 5개 중 수업에 쓸 만한 자료 개수(0–5 정수) | D13: 예: 4
A14: 1순위 적합 (Y/N) | B14: 첫 번째 결과가 적합하면 Y, 아니면 N | D14: 예: Y
A15: 메모 | B15: 틀린 결과, 누락된 자료, 개선 아이디어 | D15: 예: 3위에 고등 강의가 섞임
A16: 기대 자료 유형(참고) | B16: 작성자가 예상한 주 자료 유형. 정답이 아니라 참고값입니다.
